,Unnamed: 0,ID,adj.P.Val,P.Value,t,B,logFC,Gene.symbol,Gene.title
21,21,213095_x_at,0.00014427,1.48e-07,15.0,8.0671,1.7,AIF1,allograft inflammatory factor 1
26,26,201088_at,0.00017821,2.16e-07,14.4,7.73061,0.837,KPNA2,karyopherin subunit alpha 2
29,29,203923_s_at,0.00025933,3.51e-07,13.6,7.28798,0.892,CYBB,cytochrome b-245 beta chain
31,31,211762_s_at,0.00026439,3.85e-07,13.4,7.202,0.877,KPNA2,karyopherin subunit alpha 2
33,33,216442_x_at,0.00026439,4.03e-07,13.3,7.15841,1.15,FN1,fibronectin 1
37,37,201136_at,0.00027665,4.73e-07,13.1,7.00986,0.986,PLP2,proteolipid protein 2
38,38,212464_s_at,0.00027665,4.84e-07,13.1,6.98875,1.27,FN1,fibronectin 1
40,40,210495_x_at,0.00029542,5.51e-07,12.9,6.86854,1.13,FN1,fibronectin 1
42,42,219918_s_at,0.00029577,5.71e-07,12.8,6.83494,1.32,ASPM,abnormal spindle microtubule assembly
43,43,202464_s_at,0.00030004,5.97e-07,12.7,6.79211,0.815,PFKFB3,"6-phosphofructo-2-kinase/fructose-2,6-biphosphatase 3"
48,48,209901_x_at,0.00030555,6.72e-07,12.6,6.68154,1.56,AIF1,allograft inflammatory factor 1
50,50,203561_at,0.00031455,7.31e-07,12.4,6.60189,0.961,FCGR2A,Fc fragment of IgG receptor IIa
51,51,201291_s_at,0.00031455,7.34e-07,12.4,6.59801,1.02,TOP2A,topoisomerase (DNA) II alpha
52,52,203939_at,0.00031598,7.59e-07,12.4,6.5667,0.842,NT5E,5'-nucleotidase ecto
57,57,210992_x_at,0.00036352,9.48e-07,12.0,6.35536,0.871,FCGR2C,Fc fragment of IgG receptor IIc (gene/pseudogene)
58,58,221676_s_at,0.00036352,9.94e-07,12.0,6.30977,0.803,CORO1C,coronin 1C
59,59,204641_at,0.00036352,1.01e-06,12.0,6.29421,1.04,NEK2,NIMA related kinase 2
62,62,221729_at,0.00036352,1.05e-06,11.9,6.25992,0.876,COL5A2,collagen type V alpha 2 chain
65,65,211719_x_at,0.00036352,1.08e-06,11.9,6.23358,1.17,FN1,fibronectin 1
74,74,204285_s_at,0.00043048,1.45e-06,11.4,5.94826,1.27,PMAIP1,phorbol-12-myristate-13-acetate-induced protein 1
78,78,202238_s_at,0.00044564,1.58e-06,11.3,5.86462,1.23,LOC101928916///NNMT,uncharacterized LOC101928916///nicotinamide N-methyltransferase
79,79,206513_at,0.00044754,1.63e-06,11.3,5.83537,0.829,AIM2,absent in melanoma 2
81,81,207828_s_at,0.00044754,1.65e-06,11.3,5.82181,1.32,CENPF,centromere protein F
85,85,209949_at,0.0004882,1.92e-06,11.1,5.67441,0.721,NCF2,neutrophil cytosolic factor 2
88,89,209360_s_at,0.00052785,2.16e-06,10.9,5.55907,1.16,LOC101928269///LOC100506403///RUNX1,uncharacterized LOC101928269///uncharacterized LOC100506403///runt related transcription factor 1
91,92,206332_s_at,0.00053857,2.25e-06,10.8,5.522,0.757,IFI16,interferon gamma inducible protein 16
93,94,202404_s_at,0.0005661,2.43e-06,10.7,5.4444,1.2,COL1A2,collagen type I alpha 2 chain
94,95,210052_s_at,0.0005661,2.44e-06,10.7,5.44224,1.01,TPX2,"TPX2, microtubule nucleation factor"
95,96,206407_s_at,0.00058316,2.54e-06,10.7,5.40306,1.28,CCL13,C-C motif chemokine ligand 13
96,97,202237_at,0.00059907,2.66e-06,10.6,5.35564,1.01,LOC101928916///NNMT,uncharacterized LOC101928916///nicotinamide N-methyltransferase
98,99,201890_at,0.00059907,2.69e-06,10.6,5.34682,1.49,RRM2,ribonucleotide reductase regulatory subunit M2
99,100,201761_at,0.00063188,2.87e-06,10.5,5.28284,1.05,MTHFD2,"methylenetetrahydrofolate dehydrogenase (NADP+ dependent) 2, methenyltetrahydrofolate cyclohydrolase"
101,102,201105_at,0.00063188,3.01e-06,10.5,5.23687,0.792,LGALS1,galectin 1
102,103,222077_s_at,0.00063188,3.01e-06,10.5,5.23617,0.974,RACGAP1,Rac GTPase activating protein 1
106,107,201292_at,0.00063188,3.06e-06,10.4,5.21888,1.08,TOP2A,topoisomerase (DNA) II alpha
108,109,203645_s_at,0.00067874,3.35e-06,10.3,5.13039,1.05,CD163,CD163 molecule
111,112,202998_s_at,0.00070414,3.58e-06,10.2,5.06512,0.98,LOXL2,lysyl oxidase like 2
113,114,203276_at,0.00071425,3.69e-06,10.2,5.03621,0.847,LMNB1,lamin B1
116,117,217820_s_at,0.00073273,3.88e-06,10.1,4.98551,0.683,ENAH,enabled homolog (Drosophila)
119,120,204044_at,0.00074549,4.08e-06,10.1,4.93686,0.625,QPRT,quinolinate phosphoribosyltransferase
121,122,219978_s_at,0.00074954,4.17e-06,10.1,4.91403,1.27,NUSAP1,nucleolar and spindle associated protein 1
127,128,221698_s_at,0.00081879,4.74e-06,9.9,4.78713,0.857,CLEC7A,C-type lectin domain family 7 member A
128,129,200916_at,0.00082526,4.81e-06,9.88,4.77165,0.541,TAGLN2,transgelin 2
135,137,213537_at,0.00094139,5.83e-06,9.65,4.58115,0.757,HLA-DPA1,"major histocompatibility complex, class II, DP alpha 1"
136,138,215049_x_at,0.00095521,5.96e-06,9.63,4.55941,1.1,CD163,CD163 molecule
141,143,203362_s_at,0.00095686,6.18e-06,9.58,4.52242,1.02,MAD2L1,MAD2 mitotic arrest deficient-like 1 (yeast)
143,145,213730_x_at,0.00099657,6.54e-06,9.52,4.46617,0.537,TCF3,transcription factor 3
144,146,202800_at,0.00099657,6.57e-06,9.51,4.46119,0.671,SLC1A3,solute carrier family 1 member 3
146,148,214752_x_at,0.00100699,6.77e-06,9.47,4.43186,0.547,FLNA,filamin A
148,151,211161_s_at,0.00102612,7.04e-06,9.43,4.39303,0.822,COL3A1,collagen type III alpha 1 chain
149,152,204619_s_at,0.00102612,7.05e-06,9.43,4.39194,1.07,VCAN,versican
150,153,221755_at,0.00102867,7.11e-06,9.42,4.38293,0.726,EHBP1L1,EH domain binding protein 1 like 1
154,157,208966_x_at,0.00107008,7.59e-06,9.34,4.31758,0.771,IFI16,interferon gamma inducible protein 16
156,159,218084_x_at,0.00107008,7.69e-06,9.33,4.3037,0.631,FXYD5,FXYD domain containing ion transport regulator 5
157,160,202589_at,0.00107008,7.73e-06,9.32,4.29885,1.07,TYMS,thymidylate synthetase
159,162,200661_at,0.00107157,7.84e-06,9.3,4.28507,0.656,CTSA,cathepsin A
161,164,219202_at,0.00107838,8.05e-06,9.27,4.25822,0.598,RHBDF2,rhomboid 5 homolog 2
165,168,211395_x_at,0.00109883,8.33e-06,9.23,4.22359,0.732,FCGR2C,Fc fragment of IgG receptor IIc (gene/pseudogene)
168,171,202145_at,0.00114434,8.83e-06,9.17,4.16514,1.15,LY6E,"lymphocyte antigen 6 complex, locus E"
177,181,221520_s_at,0.0012303,1.01e-05,9.02,4.03351,1.21,CDCA8,cell division cycle associated 8
178,182,202236_s_at,0.0012303,1.01e-05,9.01,4.02986,0.918,SLC16A1,solute carrier family 16 member 1
180,185,209803_s_at,0.00124816,1.06e-05,8.96,3.9814,0.711,PHLDA2,pleckstrin homology like domain family A member 2
182,187,204438_at,0.00124816,1.06e-05,8.96,3.97903,0.937,MRC1,"mannose receptor, C type 1"
184,189,201506_at,0.00124816,1.07e-05,8.95,3.97549,1.05,TGFBI,transforming growth factor beta induced
186,192,215051_x_at,0.00124816,1.09e-05,8.93,3.95744,1.55,AIF1,allograft inflammatory factor 1
187,193,218856_at,0.00124816,1.09e-05,8.93,3.95493,1.15,TNFRSF21,TNF receptor superfamily member 21
191,197,205479_s_at,0.00126173,1.12e-05,8.89,3.92216,1.19,PLAU,"plasminogen activator, urokinase"
192,198,221731_x_at,0.00126173,1.13e-05,8.89,3.91549,1.12,VCAN,versican
193,199,201641_at,0.00126173,1.13e-05,8.89,3.91483,1.08,BST2,bone marrow stromal cell antigen 2
194,200,202887_s_at,0.0012621,1.15e-05,8.87,3.90339,1.1,DDIT4,DNA damage inducible transcript 4
197,203,221730_at,0.0012621,1.16e-05,8.86,3.89455,0.933,COL5A2,collagen type V alpha 2 chain
201,208,204924_at,0.00127191,1.19e-05,8.83,3.86226,1.09,TLR2,toll like receptor 2
203,210,200859_x_at,0.00127545,1.22e-05,8.81,3.84377,0.577,FLNA,filamin A
205,213,203760_s_at,0.00127545,1.22e-05,8.8,3.83557,0.766,SLA,Src-like-adaptor
208,216,213566_at,0.00128536,1.25e-05,8.77,3.81367,1.26,RNASE6,ribonuclease A family member k6
209,217,209773_s_at,0.00129754,1.28e-05,8.75,3.79058,1.01,RRM2,ribonucleotide reductase regulatory subunit M2
214,222,202067_s_at,0.00130569,1.31e-05,8.73,3.77021,0.734,LDLR,low density lipoprotein receptor
216,224,213416_at,0.00133216,1.35e-05,8.7,3.74086,0.682,ITGA4,integrin subunit alpha 4
220,228,201663_s_at,0.00135904,1.4e-05,8.65,3.70278,0.721,SMC4,structural maintenance of chromosomes 4
222,231,204490_s_at,0.00140514,1.46e-05,8.6,3.65579,0.571,CD44,CD44 molecule (Indian blood group)
225,234,208965_s_at,0.00143182,1.51e-05,8.57,3.6237,0.95,IFI16,interferon gamma inducible protein 16
228,237,209933_s_at,0.00144296,1.55e-05,8.54,3.60044,0.639,CD300A,CD300a molecule
230,239,212141_at,0.00145013,1.57e-05,8.53,3.5862,0.776,MCM4,minichromosome maintenance complex component 4
231,240,221269_s_at,0.00145013,1.57e-05,8.53,3.58523,0.809,SH3BGRL3,SH3 domain binding glutamate rich protein like 3
236,246,203388_at,0.00146696,1.63e-05,8.49,3.54576,0.556,ARRB2,arrestin beta 2
239,250,202311_s_at,0.00148638,1.69e-05,8.45,3.50727,1.13,COL1A1,collagen type I alpha 1 chain
241,253,204620_s_at,0.00148638,1.7e-05,8.44,3.50194,1.25,VCAN,versican
242,254,204286_s_at,0.00148638,1.7e-05,8.44,3.50137,1.16,PMAIP1,phorbol-12-myristate-13-acetate-induced protein 1
247,259,208002_s_at,0.00156583,1.83e-05,8.36,3.43016,0.712,ACOT7,acyl-CoA thioesterase 7
252,265,202870_s_at,0.00165419,1.97e-05,8.28,3.35108,1.12,CDC20,cell division cycle 20
253,266,218755_at,0.00166409,1.99e-05,8.27,3.34119,1.25,KIF20A,kinesin family member 20A
256,270,212013_at,0.00170526,2.07e-05,8.23,3.30114,1.04,PXDN,peroxidasin
262,279,210967_x_at,0.00176427,2.22e-05,8.16,3.23316,0.533,CACNB1,calcium voltage-gated channel auxiliary subunit beta 1
264,281,212481_s_at,0.00184497,2.34e-05,8.11,3.18003,0.78,TPM4,tropomyosin 4
265,283,218009_s_at,0.00184843,2.36e-05,8.1,3.17115,0.994,PRC1,protein regulator of cytokinesis 1
276,298,217691_x_at,0.0019702,2.65e-05,7.98,3.05265,0.942,MIR6787///SLC16A3,microRNA 6787///solute carrier family 16 member 3
279,301,200660_at,0.0019702,2.67e-05,7.97,3.04321,0.708,S100A11,S100 calcium binding protein A11
280,302,218039_at,0.00197031,2.68e-05,7.97,3.03977,0.973,NUSAP1,nucleolar and spindle associated protein 1
285,307,219148_at,0.00203802,2.82e-05,7.91,2.98848,0.825,PBK,PDZ binding kinase
286,308,212014_x_at,0.00204979,2.84e-05,7.91,2.97928,0.505,CD44,CD44 molecule (Indian blood group)
287,311,203755_at,0.002087,2.92e-05,7.88,2.95098,0.761,BUB1B,BUB1 mitotic checkpoint serine/threonine kinase B
294,318,209900_s_at,0.00211899,3.04e-05,7.84,2.91192,0.723,SLC16A1,solute carrier family 16 member 1
299,328,203761_at,0.00212573,3.15e-05,7.8,2.87508,0.673,SLA,Src-like-adaptor
301,330,200783_s_at,0.00214458,3.19e-05,7.79,2.86093,0.714,STMN1,stathmin 1
304,333,213746_s_at,0.00214458,3.23e-05,7.78,2.84956,0.681,FLNA,filamin A
306,335,221539_at,0.00214458,3.23e-05,7.78,2.84721,0.834,EIF4EBP1,eukaryotic translation initiation factor 4E binding protein 1
307,336,203764_at,0.00214789,3.26e-05,7.77,2.83918,0.923,DLGAP5,DLG associated protein 5
308,337,203085_s_at,0.00214789,3.27e-05,7.77,2.83686,0.817,TGFB1,transforming growth factor beta 1
310,339,206108_s_at,0.00214789,3.28e-05,7.76,2.8335,0.546,SRSF6,serine and arginine rich splicing factor 6
312,342,218308_at,0.00215223,3.32e-05,7.75,2.81979,0.638,TACC3,transforming acidic coiled-coil containing protein 3
313,343,209172_s_at,0.00215223,3.32e-05,7.75,2.81944,0.67,CENPF,centromere protein F
314,344,219947_at,0.00215336,3.34e-05,7.74,2.81317,0.565,CLEC4A,C-type lectin domain family 4 member A
316,347,218115_at,0.00215435,3.36e-05,7.74,2.80658,0.716,ASF1B,anti-silencing function 1B histone chaperone
317,348,212543_at,0.0021652,3.39e-05,7.73,2.79802,0.623,AIM1,absent in melanoma 1
319,352,205227_at,0.00218799,3.47e-05,7.71,2.77606,0.737,IL1RAP,interleukin 1 receptor accessory protein
320,353,202954_at,0.00218815,3.48e-05,7.7,2.77309,0.835,UBE2C,ubiquitin conjugating enzyme E2 C
322,358,214581_x_at,0.00224231,3.62e-05,7.66,2.73236,0.623,TNFRSF21,TNF receptor superfamily member 21
325,361,208018_s_at,0.00227584,3.71e-05,7.64,2.70716,0.654,HCK,"HCK proto-oncogene, Src family tyrosine kinase"
331,371,205499_at,0.00233128,3.9e-05,7.59,2.65582,0.821,SRPX2,"sushi repeat containing protein, X-linked 2"
333,374,212998_x_at,0.00233128,3.93e-05,7.58,2.64636,0.714,LOC101060835///HLA-DQB1,"HLA class II histocompatibility antigen, DQ beta 1 chain-like///major histocompatibility complex, class II, DQ beta 1"
334,375,217739_s_at,0.00233128,3.93e-05,7.58,2.64617,0.598,NAMPT,nicotinamide phosphoribosyltransferase
336,380,202180_s_at,0.00236789,4.05e-05,7.55,2.6166,0.596,MVP,major vault protein
337,381,202208_s_at,0.00236903,4.06e-05,7.55,2.61341,0.931,ARL4C,ADP ribosylation factor like GTPase 4C
344,392,217986_s_at,0.0025025,4.41e-05,7.47,2.52789,0.603,BAZ1A,bromodomain adjacent to zinc finger domain 1A
345,394,208079_s_at,0.00253313,4.49e-05,7.45,2.51015,0.838,AURKA,aurora kinase A
347,397,201743_at,0.00253717,4.53e-05,7.44,2.50073,0.811,CD14,CD14 molecule
348,399,203234_at,0.00256809,4.62e-05,7.42,2.48072,0.762,UPP1,uridine phosphorylase 1
349,402,218668_s_at,0.00259281,4.69e-05,7.41,2.46481,0.501,RAP2C,"RAP2C, member of RAS oncogene family"
351,405,219493_at,0.00264315,4.82e-05,7.38,2.43814,0.763,SHCBP1,SHC binding and spindle associated 1
352,407,204971_at,0.00267036,4.89e-05,7.37,2.42254,1.05,CSTA,cystatin A
354,409,208130_s_at,0.00271145,4.99e-05,7.35,2.40178,0.874,TBXAS1,thromboxane A synthase 1
355,410,218585_s_at,0.00271234,5e-05,7.35,2.39894,0.838,DTL,denticleless E3 ubiquitin protein ligase homolog
357,413,200727_s_at,0.00275792,5.12e-05,7.32,2.37428,0.646,ACTR2,ARP2 actin related protein 2 homolog
358,416,202234_s_at,0.0027677,5.18e-05,7.31,2.3632,0.696,SLC16A1,solute carrier family 16 member 1
360,418,205240_at,0.00289927,5.45e-05,7.26,2.31042,0.92,GPSM2,G-protein signaling modulator 2
361,419,205046_at,0.00294534,5.55e-05,7.25,2.29171,0.984,CENPE,centromere protein E
362,421,202338_at,0.00294727,5.58e-05,7.24,2.28614,0.76,TK1,thymidine kinase 1
366,428,217755_at,0.0030361,5.85e-05,7.2,2.23855,0.872,HN1,hematological and neurological expressed 1
367,429,201666_at,0.00305074,5.89e-05,7.19,2.23119,0.811,TIMP1,TIMP metallopeptidase inhibitor 1
368,430,201954_at,0.00308107,5.96e-05,7.18,2.21859,0.574,ARPC1B,actin related protein 2/3 complex subunit 1B
369,431,204256_at,0.00310583,6.02e-05,7.17,2.20794,0.734,ELOVL6,ELOVL fatty acid elongase 6
370,432,213603_s_at,0.00310971,6.04e-05,7.17,2.20427,0.732,RAC2,"ras-related C3 botulinum toxin substrate 2 (rho family, small GTP binding protein Rac2)"
371,433,221922_at,0.00311153,6.06e-05,7.16,2.20129,0.811,GPSM2,G-protein signaling modulator 2
372,435,210809_s_at,0.00313395,6.14e-05,7.15,2.18826,1.16,POSTN,periostin
374,441,215193_x_at,0.0031812,6.32e-05,7.12,2.1575,0.512,LOC101060835///LOC100996809///HLA-DRB4///HLA-DRB3///HLA-DRB1///HLA-DQB1,"HLA class II histocompatibility antigen, DQ beta 1 chain-like///HLA class II histocompatibility antigen, DRB1-10 beta chain-like///major histocompatibility complex, class II, DR beta 4///major histocompatibility complex, class II, DR beta 3///major histocompatibility complex, class II, DR beta 1///major histocompatibility complex, class II, DQ beta 1"
376,446,210978_s_at,0.00323092,6.51e-05,7.1,2.12794,0.526,TAGLN2,transgelin 2
378,448,200872_at,0.00323092,6.52e-05,7.1,2.1251,0.681,S100A10,S100 calcium binding protein A10
381,453,211668_s_at,0.00323092,6.59e-05,7.09,2.11459,1.02,PLAU,"plasminogen activator, urokinase"
383,455,218883_s_at,0.00323092,6.61e-05,7.08,2.11139,0.81,CENPU,centromere protein U
387,462,220330_s_at,0.00326775,6.79e-05,7.06,2.08371,0.731,SAMSN1,"SAM domain, SH3 domain and nuclear localization signals 1"
388,463,201014_s_at,0.00326775,6.8e-05,7.06,2.08173,0.555,PAICS,phosphoribosylaminoimidazole carboxylase; phosphoribosylaminoimidazolesuccinocarboxamide synthase
390,466,212021_s_at,0.00330242,6.92e-05,7.04,2.06417,0.59,MKI67,marker of proliferation Ki-67
394,472,201560_at,0.00337343,7.17e-05,7.01,2.0273,0.546,CLIC4,chloride intracellular channel 4
395,476,210916_s_at,0.00340833,7.3e-05,6.99,2.00881,0.6,CD44,CD44 molecule (Indian blood group)
397,479,218542_at,0.00341984,7.37e-05,6.98,1.9997,1.13,CEP55,centrosomal protein 55
398,480,205798_at,0.00345192,7.46e-05,6.97,1.98708,0.578,IL7R,interleukin 7 receptor
399,481,213733_at,0.00345192,7.47e-05,6.97,1.98575,0.618,MYO1F,myosin IF
402,484,210527_x_at,0.0035777,7.79e-05,6.93,1.94233,0.541,TUBA3D///TUBA3C,tubulin alpha 3d///tubulin alpha 3c
405,487,207165_at,0.00362078,7.94e-05,6.91,1.92258,0.968,HMMR,hyaluronan mediated motility receptor
407,489,204825_at,0.00363252,7.99e-05,6.91,1.916,1.14,MELK,maternal embryonic leucine zipper kinase
410,493,213418_at,0.00365271,8.1e-05,6.9,1.90186,0.643,HSPA6,heat shock protein family A (Hsp70) member 6
411,495,206364_at,0.00366423,8.16e-05,6.89,1.89442,0.72,KIF14,kinesin family member 14
415,502,202068_s_at,0.00379727,8.57e-05,6.84,1.843,0.519,LDLR,low density lipoprotein receptor
416,504,204767_s_at,0.00382483,8.67e-05,6.83,1.83143,0.755,FEN1,flap structure-specific endonuclease 1
419,510,211990_at,0.00387357,8.89e-05,6.81,1.80476,0.508,HLA-DPA1,"major histocompatibility complex, class II, DP alpha 1"
420,512,209732_at,0.00388411,8.96e-05,6.8,1.79757,0.731,CLEC2B,C-type lectin domain family 2 member B
422,515,212680_x_at,0.00391162,9.06e-05,6.79,1.7859,0.768,PPP1R14B,protein phosphatase 1 regulatory inhibitor subunit 14B
424,518,205076_s_at,0.00395374,9.21e-05,6.78,1.76881,0.604,MTMR11,myotubularin related protein 11
428,524,219607_s_at,0.00401128,9.45e-05,6.75,1.74194,0.993,MS4A4A,membrane spanning 4-domains A4A
432,529,204822_at,0.00401374,9.55e-05,6.75,1.73149,0.794,TTK,TTK protein kinase
433,530,210629_x_at,0.00403005,9.6e-05,6.74,1.72534,0.58,LST1,leukocyte specific transcript 1
434,535,202856_s_at,0.00415003,9.98e-05,6.71,1.68524,1.16,MIR6787///SLC16A3,microRNA 6787///solute carrier family 16 member 3
435,537,222036_s_at,0.00415391,0.000101,6.7,1.67721,0.725,MCM4,minichromosome maintenance complex component 4
436,540,209344_at,0.00415479,0.000101,6.7,1.67443,0.701,TPM4,tropomyosin 4
438,542,212020_s_at,0.00422444,0.000103,6.68,1.65178,0.511,MKI67,marker of proliferation Ki-67
440,545,205167_s_at,0.00423832,0.000104,6.67,1.64427,0.593,CDC25C,cell division cycle 25C
441,546,204774_at,0.00425215,0.000105,6.66,1.6374,0.54,EVI2A,ecotropic viral integration site 2A
444,553,202094_at,0.00427543,0.000106,6.65,1.62016,0.611,BIRC5,baculoviral IAP repeat containing 5
448,563,203370_s_at,0.00435779,0.00011,6.62,1.58183,0.689,PDLIM7,PDZ and LIM domain 7
452,571,218854_at,0.00442428,0.000114,6.59,1.55102,0.707,DSE,dermatan sulfate epimerase
455,576,211160_x_at,0.00447842,0.000116,6.57,1.52868,0.959,ACTN1,actinin alpha 1
456,577,201645_at,0.00447842,0.000116,6.57,1.52809,1.63,TNC,tenascin C
460,583,215076_s_at,0.00452206,0.000119,6.55,1.50732,0.797,COL3A1,collagen type III alpha 1 chain
461,584,210895_s_at,0.004555,0.00012,6.54,1.49802,0.769,CD86,CD86 molecule
462,585,217763_s_at,0.00455776,0.00012,6.54,1.49562,0.567,RAB31,"RAB31, member RAS oncogene family"
464,588,205394_at,0.00457238,0.000121,6.54,1.48699,0.54,CHEK1,checkpoint kinase 1
466,591,219787_s_at,0.00457709,0.000122,6.53,1.47945,0.734,ECT2,epithelial cell transforming 2
468,595,217966_s_at,0.00457709,0.000123,6.52,1.47274,0.609,FAM129A,family with sequence similarity 129 member A
470,602,206584_at,0.00470072,0.000127,6.49,1.43389,0.766,LY96,lymphocyte antigen 96
472,604,212012_at,0.00470704,0.000128,6.48,1.42766,0.815,PXDN,peroxidasin
473,605,204675_at,0.00470704,0.000128,6.48,1.42721,0.578,SRD5A1,steroid 5 alpha-reductase 1
474,606,205859_at,0.00470704,0.000128,6.48,1.42457,0.631,LY86,lymphocyte antigen 86
475,610,204962_s_at,0.0047148,0.000129,6.48,1.41711,0.865,SLC35F6///CENPA,solute carrier family 35 member F6///centromere protein A
476,613,211654_x_at,0.00475696,0.000131,6.46,1.40097,0.53,HLA-DQB1,"major histocompatibility complex, class II, DQ beta 1"
477,614,201720_s_at,0.00475696,0.000131,6.46,1.40036,0.838,LAPTM5,lysosomal protein transmembrane 5
478,615,204122_at,0.00475696,0.000132,6.46,1.39941,0.753,TYROBP,TYRO protein tyrosine kinase binding protein
481,620,207610_s_at,0.00480326,0.000134,6.45,1.38096,0.556,ADGRE2,adhesion G protein-coupled receptor E2
482,621,217967_s_at,0.00480688,0.000134,6.44,1.37851,0.503,FAM129A,family with sequence similarity 129 member A
483,623,201277_s_at,0.00481463,0.000135,6.44,1.37239,0.517,HNRNPAB,heterogeneous nuclear ribonucleoprotein A/B
485,627,214181_x_at,0.00484143,0.000136,6.43,1.3611,0.696,LST1,leukocyte specific transcript 1
486,628,208916_at,0.00487156,0.000138,6.42,1.35219,0.637,SLC1A5,solute carrier family 1 member 5
490,636,203418_at,0.00493029,0.000141,6.4,1.32744,0.827,CCNA2,cyclin A2
492,640,202803_s_at,0.00501644,0.000144,6.38,1.30295,0.618,ITGB2,integrin subunit beta 2
493,641,209312_x_at,0.00503575,0.000145,6.38,1.29734,0.52,LOC101060835///LOC100996809///HLA-DRB5///HLA-DRB4///HLA-DRB1///HLA-DQB1,"HLA class II histocompatibility antigen, DQ beta 1 chain-like///HLA class II histocompatibility antigen, DRB1-10 beta chain-like///major histocompatibility complex, class II, DR beta 5///major histocompatibility complex, class II, DR beta 4///major histocompatibility complex, class II, DR beta 1///major histocompatibility complex, class II, DQ beta 1"
494,642,205436_s_at,0.00505485,0.000146,6.37,1.29179,0.632,H2AFX,H2A histone family member X
501,656,211581_x_at,0.00516905,0.000153,6.33,1.24468,0.741,LST1,leukocyte specific transcript 1
503,661,31845_at,0.00518583,0.000154,6.32,1.23386,0.809,ELF4,E74 like ETS transcription factor 4
505,667,218232_at,0.00528323,0.000158,6.3,1.20625,0.925,C1QA,complement C1q A chain
507,671,202828_s_at,0.00533281,0.000161,6.28,1.18884,0.608,MMP14,matrix metallopeptidase 14
508,672,202952_s_at,0.00533281,0.000161,6.28,1.18709,0.837,ADAM12,ADAM metallopeptidase domain 12
510,674,209714_s_at,0.00533281,0.000162,6.28,1.18571,1.0,CDKN3,cyclin dependent kinase inhibitor 3
511,675,205463_s_at,0.00534861,0.000162,6.28,1.18109,0.683,PDGFA,platelet derived growth factor subunit A
520,687,209286_at,0.00550979,0.00017,6.24,1.13194,0.59,CDC42EP3,CDC42 effector protein 3
522,691,204502_at,0.00554666,0.000172,6.23,1.11898,0.724,SAMHD1,SAM and HD domain containing deoxynucleoside triphosphate triphosphohydrolase 1
524,693,201697_s_at,0.00556099,0.000173,6.22,1.11329,0.595,DNMT1,DNA (cytosine-5-)-methyltransferase 1
525,699,201853_s_at,0.00557194,0.000175,6.21,1.10185,0.64,CDC25B,cell division cycle 25B
526,701,202095_s_at,0.00560073,0.000176,6.21,1.09397,0.916,BIRC5,baculoviral IAP repeat containing 5
527,703,203382_s_at,0.0056424,0.000178,6.2,1.08282,0.81,APOE,apolipoprotein E
528,704,204769_s_at,0.0056424,0.000179,6.2,1.08183,0.59,TAP2,"transporter 2, ATP binding cassette subfamily B member"
533,714,203213_at,0.00567915,0.000182,6.18,1.06003,0.903,CDK1,cyclin dependent kinase 1
535,720,209642_at,0.00571952,0.000185,6.17,1.04437,0.845,BUB1,BUB1 mitotic checkpoint serine/threonine kinase
537,723,202679_at,0.00573837,0.000186,6.16,1.03663,0.509,NPC1,NPC intracellular cholesterol transporter 1
539,726,214574_x_at,0.00577608,0.000188,6.15,1.02551,0.581,LST1,leukocyte specific transcript 1
540,728,204174_at,0.00583493,0.000191,6.14,1.01211,0.765,ALOX5AP,arachidonate 5-lipoxygenase activating protein
542,730,202990_at,0.0058623,0.000192,6.13,1.00439,0.565,PYGL,"phosphorylase, glycogen, liver"
544,736,205269_at,0.00591261,0.000196,6.12,0.98637,0.639,LCP2,lymphocyte cytosolic protein 2
546,740,202310_s_at,0.00602389,0.0002,6.1,0.96196,1.23,COL1A1,collagen type I alpha 1 chain
549,753,221436_s_at,0.00612354,0.000207,6.07,0.92679,1.07,CDCA3,cell division cycle associated 3
552,758,209464_at,0.00621259,0.000212,6.05,0.90489,0.779,AURKB,aurora kinase B
554,760,203325_s_at,0.00623825,0.000213,6.05,0.89786,1.25,COL5A1,collagen type V alpha 1 chain
556,764,212949_at,0.00629613,0.000216,6.03,0.88196,0.76,NCAPH,non-SMC condensin I complex subunit H
558,766,201721_s_at,0.00630282,0.000217,6.03,0.87897,0.609,LAPTM5,lysosomal protein transmembrane 5
560,771,218847_at,0.00632604,0.000219,6.02,0.86728,0.692,IGF2BP2,insulin like growth factor 2 mRNA binding protein 2
561,773,206025_s_at,0.00632604,0.00022,6.02,0.86568,1.03,TNFAIP6,TNF alpha induced protein 6
562,774,208636_at,0.00634979,0.000221,6.02,0.86042,0.829,ACTN1,actinin alpha 1
566,779,201930_at,0.0063772,0.000223,6.01,0.84926,0.583,MCM6,minichromosome maintenance complex component 6
568,789,216952_s_at,0.00647985,0.00023,5.98,0.81896,0.542,LMNB2,lamin B2
569,790,215646_s_at,0.00647985,0.00023,5.98,0.81793,1.09,VCAN,versican
571,792,204162_at,0.00652877,0.000232,5.98,0.80759,0.784,NDC80,"NDC80, kinetochore complex component"
573,796,211582_x_at,0.00653496,0.000234,5.97,0.80004,0.623,LST1,leukocyte specific transcript 1
574,797,202912_at,0.00653496,0.000234,5.97,0.79985,0.88,ADM,adrenomedullin
577,803,201487_at,0.00655542,0.000237,5.96,0.78901,0.81,CTSC,cathepsin C
580,811,202665_s_at,0.00666401,0.000243,5.94,0.76159,0.531,WIPF1,WAS/WASL interacting protein family member 1
585,825,202953_at,0.00678809,0.000252,5.91,0.72383,1.14,C1QB,complement C1q B chain
586,827,212473_s_at,0.00680612,0.000253,5.91,0.71929,0.671,MICAL2,"microtubule associated monooxygenase, calponin and LIM domain containing 2"
589,831,221881_s_at,0.00684496,0.000256,5.9,0.70834,0.693,CLIC4,chloride intracellular channel 4
590,833,217294_s_at,0.00689642,0.000258,5.89,0.69804,0.645,ENO1,enolase 1
593,839,204170_s_at,0.00706158,0.000266,5.86,0.66592,0.978,CKS2,CDC28 protein kinase regulatory subunit 2
595,844,211571_s_at,0.0071784,0.000272,5.84,0.64264,1.12,VCAN,versican
596,849,200832_s_at,0.00722339,0.000276,5.83,0.62998,1.31,SCD,stearoyl-CoA desaturase
598,852,219666_at,0.00725763,0.000278,5.83,0.62051,0.74,MS4A6A,membrane spanning 4-domains A6A
599,853,202705_at,0.00725763,0.000278,5.83,0.62017,0.826,CCNB2,cyclin B2
600,855,213330_s_at,0.00726043,0.000279,5.82,0.61661,0.702,STIP1,stress induced phosphoprotein 1
603,860,209879_at,0.00730256,0.000282,5.82,0.60523,0.609,SELPLG,selectin P ligand
605,865,205786_s_at,0.00739255,0.000287,5.8,0.58643,0.577,ITGAM,integrin subunit alpha M
607,867,202503_s_at,0.00740361,0.000289,5.8,0.58103,0.933,KIAA0101,KIAA0101
608,870,221210_s_at,0.00740361,0.00029,5.79,0.57793,0.576,NPL,N-acetylneuraminate pyruvate lyase
611,873,211725_s_at,0.00744864,0.000293,5.79,0.56737,0.724,BID,BH3 interacting domain death agonist
612,874,218193_s_at,0.00744864,0.000293,5.78,0.56634,0.573,GOLT1B,golgi transport 1B
614,879,203358_s_at,0.00745431,0.000294,5.78,0.56105,0.579,EZH2,enhancer of zeste 2 polycomb repressive complex 2 subunit
617,884,204787_at,0.00749715,0.000298,5.77,0.54831,0.979,VSIG4,V-set and immunoglobulin domain containing 4
618,886,204232_at,0.00749715,0.000299,5.77,0.54586,0.86,FCER1G,Fc fragment of IgE receptor Ig
619,888,219386_s_at,0.00751798,0.0003,5.77,0.54119,1.16,SLAMF8,SLAM family member 8
621,896,206571_s_at,0.00767463,0.000309,5.74,0.51075,0.826,MAP4K4,mitogen-activated protein kinase kinase kinase kinase 4
624,901,209035_at,0.00772498,0.000313,5.73,0.49814,0.576,MDK,midkine (neurite growth-promoting factor 2)
626,904,207714_s_at,0.0077518,0.000315,5.73,0.49056,1.04,SERPINH1,serpin family H member 1
629,911,218663_at,0.00794926,0.000325,5.7,0.45682,0.755,NCAPG,non-SMC condensin I complex subunit G
632,925,209906_at,0.00815019,0.000339,5.67,0.41491,0.759,C3AR1,complement component 3a receptor 1
634,931,201852_x_at,0.00831844,0.000348,5.65,0.38687,0.791,COL3A1,collagen type III alpha 1 chain
635,933,213226_at,0.00836362,0.000351,5.64,0.37899,0.702,CCNA2,cyclin A2
637,936,204267_x_at,0.0085008,0.000357,5.62,0.35868,0.501,PKMYT1,"protein kinase, membrane associated tyrosine/threonine 1"
638,937,205270_s_at,0.0085501,0.00036,5.62,0.35154,0.692,LCP2,lymphocyte cytosolic protein 2
640,940,206074_s_at,0.00860959,0.000364,5.61,0.34027,0.591,HMGA1,high mobility group AT-hook 1
641,944,208949_s_at,0.00863113,0.000366,5.6,0.33327,0.526,LGALS3,"lectin, galactoside binding soluble 3"
642,946,212657_s_at,0.00869024,0.00037,5.6,0.32392,0.589,IL1RN,interleukin 1 receptor antagonist
646,956,203052_at,0.00879124,0.000378,5.58,0.30163,0.638,C2,complement component 2
654,978,204146_at,0.00907661,0.000399,5.54,0.24385,0.695,RAD51AP1,RAD51 associated protein 1
655,984,202580_x_at,0.00914176,0.000404,5.53,0.23077,0.765,FOXM1,forkhead box M1
657,987,202007_at,0.00919614,0.000408,5.52,0.22142,0.828,NID1,nidogen 1
659,992,204768_s_at,0.00938638,0.000418,5.5,0.19479,0.513,FEN1,flap structure-specific endonuclease 1
660,993,215292_s_at,0.00939471,0.000419,5.5,0.19282,0.549,MKL1,megakaryoblastic leukemia (translocation) 1
662,996,204169_at,0.00944358,0.000423,5.49,0.18426,0.549,IMPDH1,inosine monophosphate dehydrogenase 1
663,998,216834_at,0.00945778,0.000424,5.49,0.18061,0.721,RGS1,regulator of G-protein signaling 1
665,1000,209053_s_at,0.0095838,0.000431,5.48,0.16471,0.784,WHSC1,Wolf-Hirschhorn syndrome candidate 1
668,1005,212724_at,0.00964914,0.000436,5.47,0.15106,0.604,RND3,Rho family GTPase 3
673,1011,206102_at,0.00972758,0.000442,5.46,0.13778,0.837,GINS1,GINS complex subunit 1
674,1014,204026_s_at,0.00974481,0.000444,5.45,0.13284,0.704,ZWINT,ZW10 interacting kinetochore protein
675,1017,202855_s_at,0.00982617,0.000449,5.44,0.12109,1.28,MIR6787///SLC16A3,microRNA 6787///solute carrier family 16 member 3
677,1020,204126_s_at,0.00985552,0.000452,5.44,0.11491,0.617,CDC45,cell division cycle 45
679,1022,218499_at,0.00992831,0.000456,5.43,0.10519,0.553,STK26,serine/threonine protein kinase 26
682,1027,201858_s_at,0.0099757,0.00046,5.42,0.09514,0.705,SRGN,serglycin
683,1030,217714_x_at,0.00999536,0.000462,5.42,0.09004,0.621,MIR3917///STMN1,microRNA 3917///stathmin 1
687,1036,208934_s_at,0.01005154,0.000468,5.41,0.07815,0.566,LGALS8,galectin 8
689,1039,209836_x_at,0.01013067,0.000473,5.4,0.06695,0.518,BOLA2B///BOLA2,bolA family member 2B///bolA family member 2
690,1045,213373_s_at,0.01022151,0.00048,5.39,0.05111,0.521,CASP8,caspase 8
691,1046,201141_at,0.01022151,0.00048,5.39,0.05064,0.584,GPNMB,glycoprotein nmb
692,1048,202898_at,0.01022688,0.000482,5.39,0.04749,0.655,SDC3,syndecan 3
695,1052,205542_at,0.01034537,0.000489,5.38,0.03211,0.664,STEAP1,six transmembrane epithelial antigen of the prostate 1
696,1054,219306_at,0.01045317,0.000495,5.37,0.01931,0.537,KIF15,kinesin family member 15
699,1069,209408_at,0.01066875,0.000513,5.34,-0.01804,0.539,KIF2C,kinesin family member 2C
701,1073,207651_at,0.0107085,0.000516,5.33,-0.02449,0.615,GPR171,G protein-coupled receptor 171
704,1081,208178_x_at,0.01075555,0.000522,5.33,-0.0368,0.66,TRIO,trio Rho guanine nucleotide exchange factor
705,1084,216237_s_at,0.01083391,0.000528,5.32,-0.04727,0.643,MCM5,minichromosome maintenance complex component 5
707,1092,218355_at,0.01100271,0.00054,5.3,-0.07106,0.796,KIF4A,kinesin family member 4A
708,1094,204033_at,0.01102886,0.000542,5.3,-0.07602,0.657,TRIP13,thyroid hormone receptor interactor 13
709,1097,213790_at,0.01102886,0.000544,5.29,-0.07902,0.562,ADAM12,ADAM metallopeptidase domain 12
710,1099,208885_at,0.01102886,0.000544,5.29,-0.0802,0.536,LCP1,lymphocyte cytosolic protein 1
711,1100,204030_s_at,0.01108338,0.000548,5.29,-0.08629,0.595,IQCJ-SCHIP1///SCHIP1,IQCJ-SCHIP1 readthrough///schwannomin interacting protein 1
712,1102,210559_s_at,0.01112109,0.00055,5.29,-0.09173,0.811,CDK1,cyclin dependent kinase 1
715,1106,212884_x_at,0.01115574,0.000555,5.28,-0.10011,0.654,APOE,apolipoprotein E
716,1107,209955_s_at,0.01115574,0.000556,5.28,-0.10193,0.995,FAP,fibroblast activation protein alpha
718,1110,218741_at,0.01115574,0.000557,5.28,-0.10426,0.675,CENPM,centromere protein M
719,1111,218802_at,0.01115574,0.000557,5.28,-0.10426,0.593,MCUB,mitochondrial calcium uniporter dominant negative beta subunit
721,1116,201438_at,0.01123289,0.000563,5.27,-0.1158,0.822,COL6A3,collagen type VI alpha 3 chain
722,1120,214770_at,0.01133402,0.000571,5.26,-0.12921,0.635,MSR1,macrophage scavenger receptor 1
723,1122,210845_s_at,0.01135461,0.000572,5.26,-0.13217,0.936,PLAUR,"plasminogen activator, urokinase receptor"
724,1123,219099_at,0.01136858,0.000573,5.25,-0.13438,0.517,TIGAR,TP53 induced glycolysis regulatory phosphatase
726,1133,219582_at,0.01145638,0.000583,5.24,-0.15168,0.524,OGFRL1,opioid growth factor receptor like 1
727,1136,204198_s_at,0.01149388,0.000586,5.24,-0.15781,0.602,RUNX3,runt related transcription factor 3
728,1142,205885_s_at,0.01159175,0.000595,5.23,-0.17215,0.524,ITGA4,integrin subunit alpha 4
729,1143,219588_s_at,0.01159289,0.000595,5.23,-0.17317,0.639,NCAPG2,non-SMC condensin II complex subunit G2
730,1148,211656_x_at,0.01162145,0.0006,5.22,-0.18137,0.542,LOC101060835///HLA-DQB1,"HLA class II histocompatibility antigen, DQ beta 1 chain-like///major histocompatibility complex, class II, DQ beta 1"
734,1162,206026_s_at,0.01169675,0.00061,5.21,-0.19966,0.856,TNFAIP6,TNF alpha induced protein 6
736,1172,216202_s_at,0.01192931,0.000628,5.18,-0.22914,0.574,SPTLC2,serine palmitoyltransferase long chain base subunit 2
737,1174,202827_s_at,0.01193741,0.00063,5.18,-0.23245,0.896,MMP14,matrix metallopeptidase 14
739,1176,204887_s_at,0.01193741,0.000631,5.18,-0.2334,0.524,PLK4,polo like kinase 4
740,1179,219191_s_at,0.01197526,0.000635,5.18,-0.24027,0.547,BIN2,bridging integrator 2
744,1187,203729_at,0.01199971,0.00064,5.17,-0.24866,0.602,EMP3,epithelial membrane protein 3
747,1194,218368_s_at,0.01216316,0.000652,5.16,-0.26879,0.637,TNFRSF12A,TNF receptor superfamily member 12A
748,1195,214710_s_at,0.01219887,0.000655,5.15,-0.27272,0.724,CCNB1,cyclin B1
749,1199,203922_s_at,0.01225862,0.000661,5.15,-0.28204,0.58,CYBB,cytochrome b-245 beta chain
751,1204,202403_s_at,0.01234731,0.000668,5.14,-0.29316,0.675,COL1A2,collagen type I alpha 2 chain
752,1208,202957_at,0.01243854,0.000675,5.13,-0.30497,0.522,HCLS1,hematopoietic cell-specific Lyn substrate 1
756,1223,204444_at,0.0126159,0.000693,5.11,-0.33223,0.672,KIF11,kinesin family member 11
757,1225,208894_at,0.01263931,0.000695,5.11,-0.33558,0.557,HLA-DRA,"major histocompatibility complex, class II, DR alpha"
761,1234,201670_s_at,0.01278111,0.000709,5.09,-0.35603,0.537,MARCKS,myristoylated alanine rich protein kinase C substrate
762,1238,213160_at,0.01279496,0.000711,5.09,-0.35936,0.533,DOCK2,dedicator of cytokinesis 2
763,1241,212873_at,0.0128368,0.000715,5.09,-0.36529,0.579,ARHGAP45,Rho GTPase activating protein 45
765,1246,212489_at,0.01302841,0.000729,5.07,-0.38506,0.987,COL5A1,collagen type V alpha 1 chain
767,1249,205119_s_at,0.01304994,0.000732,5.07,-0.38971,0.613,FPR1,formyl peptide receptor 1
769,1253,204015_s_at,0.01321399,0.000744,5.06,-0.40554,0.796,DUSP4,dual specificity phosphatase 4
770,1254,209875_s_at,0.01321636,0.000745,5.06,-0.40694,1.25,SPP1,secreted phosphoprotein 1
771,1257,211991_s_at,0.01327269,0.00075,5.05,-0.41406,0.56,HLA-DPA1,"major histocompatibility complex, class II, DP alpha 1"
773,1266,208637_x_at,0.01335344,0.000759,5.04,-0.42725,0.785,ACTN1,actinin alpha 1
774,1269,212488_at,0.01338749,0.000763,5.04,-0.43238,0.957,COL5A1,collagen type V alpha 1 chain
776,1273,214437_s_at,0.01339333,0.000766,5.03,-0.43665,0.713,SHMT2,serine hydroxymethyltransferase 2
777,1275,205349_at,0.01339333,0.000767,5.03,-0.43775,0.855,GNA15,G protein subunit alpha 15
780,1287,202910_s_at,0.01381306,0.000798,5.0,-0.47971,0.513,ADGRE5,adhesion G protein-coupled receptor E5
781,1290,213906_at,0.01388211,0.000805,5.0,-0.48837,0.525,MYBL1,MYB proto-oncogene like 1
783,1299,221561_at,0.01393853,0.000814,4.99,-0.50014,0.526,SOAT1,sterol O-acyltransferase 1
789,1312,218782_s_at,0.01398438,0.000824,4.98,-0.51263,0.584,ATAD2,"ATPase family, AAA domain containing 2"
791,1316,202207_at,0.01399813,0.000827,4.98,-0.51683,0.702,ARL4C,ADP ribosylation factor like GTPase 4C
798,1342,215633_x_at,0.01441693,0.000869,4.94,-0.56798,0.713,LST1,leukocyte specific transcript 1
805,1358,210982_s_at,0.01459061,0.00089,4.92,-0.59283,0.544,HLA-DRA,"major histocompatibility complex, class II, DR alpha"
809,1365,207277_at,0.01471349,0.000902,4.91,-0.60694,0.591,CD209,CD209 molecule
810,1369,202345_s_at,0.01483228,0.000912,4.9,-0.61838,0.574,FABP5,fatty acid binding protein 5
812,1376,206348_s_at,0.01494153,0.000923,4.89,-0.63135,0.532,PDK3,pyruvate dehydrogenase kinase 3
813,1377,208025_s_at,0.0149562,0.000925,4.89,-0.63313,1.08,HMGA2,high mobility group AT-hook 2
814,1379,221870_at,0.01497771,0.000928,4.89,-0.63614,1.11,EHD2,EH domain containing 2
815,1383,216950_s_at,0.01506918,0.000936,4.88,-0.64551,0.747,FCGR1CP///FCGR1B///FCGR1A,"Fc fragment of IgG receptor Ic, pseudogene///Fc fragment of IgG receptor Ib///Fc fragment of IgG receptor Ia"
816,1387,211924_s_at,0.01516057,0.000944,4.88,-0.65483,0.929,PLAUR,"plasminogen activator, urokinase receptor"
817,1388,205965_at,0.01517215,0.000947,4.88,-0.65726,0.621,BATF,basic leucine zipper ATF-like transcription factor
820,1393,213194_at,0.01521804,0.000952,4.87,-0.66328,0.688,ROBO1,roundabout guidance receptor 1
823,1403,206617_s_at,0.01536808,0.000969,4.86,-0.68207,0.623,RENBP,renin binding protein
825,1425,201559_s_at,0.01562848,0.001,4.84,-0.71471,0.601,CLIC4,chloride intracellular channel 4
827,1430,205796_at,0.01570114,0.00101,4.83,-0.7232,0.572,TCP11L1,t-complex 11 like 1
828,1438,212472_at,0.01586576,0.00102,4.82,-0.73989,0.505,MICAL2,"microtubule associated monooxygenase, calponin and LIM domain containing 2"
829,1442,210663_s_at,0.01599045,0.00104,4.81,-0.75095,0.685,KYNU,kynureninase
830,1447,AFFX-HUMISGF3A/M97935_MA_at,0.01607646,0.00105,4.8,-0.76073,0.682,STAT1,signal transducer and activator of transcription 1
832,1455,204959_at,0.01612548,0.00105,4.8,-0.76907,0.654,MNDA,myeloid cell nuclear differentiation antigen
833,1459,211368_s_at,0.01621903,0.00106,4.79,-0.77797,0.716,CASP1,caspase 1
834,1460,205098_at,0.01624585,0.00107,4.79,-0.78069,0.699,CCR1,C-C motif chemokine receptor 1
835,1461,219491_at,0.01624585,0.00107,4.79,-0.78178,0.698,LRFN4,leucine rich repeat and fibronectin type III domain containing 4
841,1473,204244_s_at,0.01632034,0.00108,4.78,-0.79441,0.52,DBF4,DBF4 zinc finger
842,1475,204158_s_at,0.0163285,0.00108,4.78,-0.79764,0.642,TCIRG1,"T-cell immune regulator 1, ATPase H+ transporting V0 subunit a3"
843,1479,204092_s_at,0.0163285,0.00108,4.78,-0.79917,0.534,AURKA,aurora kinase A
844,1483,AFFX-HUMISGF3A/M97935_MB_at,0.01649351,0.0011,4.77,-0.81336,0.57,STAT1,signal transducer and activator of transcription 1
846,1509,209191_at,0.01681197,0.00114,4.74,-0.85083,0.624,TUBB6,tubulin beta 6 class V
847,1510,210644_s_at,0.01681197,0.00114,4.74,-0.85189,0.515,LAIR1,leukocyte associated immunoglobulin like receptor 1
848,1513,206120_at,0.01689837,0.00115,4.74,-0.85863,0.556,CD33,CD33 molecule
849,1514,202988_s_at,0.01691629,0.00115,4.73,-0.86042,0.707,RGS1,regulator of G-protein signaling 1
851,1517,215446_s_at,0.01704273,0.00116,4.73,-0.87025,0.714,LOX,lysyl oxidase
852,1520,220066_at,0.01704643,0.00116,4.73,-0.87253,0.51,NOD2,nucleotide binding oligomerization domain containing 2
854,1522,214096_s_at,0.01706642,0.00117,4.72,-0.87512,0.596,SHMT2,serine hydroxymethyltransferase 2
857,1529,218404_at,0.01731143,0.00119,4.71,-0.89476,0.668,SNX10,sorting nexin 10
858,1530,213905_x_at,0.01734071,0.00119,4.71,-0.89721,0.611,BGN,biglycan
859,1536,201668_x_at,0.01739016,0.0012,4.7,-0.90425,0.665,MARCKS,myristoylated alanine rich protein kinase C substrate
862,1543,203104_at,0.0175384,0.00122,4.69,-0.91833,0.582,CSF1R,colony stimulating factor 1 receptor
863,1546,221799_at,0.0175568,0.00122,4.69,-0.92123,0.505,CHPF2,chondroitin polymerizing factor 2
866,1567,209823_x_at,0.01777705,0.00125,4.67,-0.94802,0.67,LOC101060835///HLA-DQB1,"HLA class II histocompatibility antigen, DQ beta 1 chain-like///major histocompatibility complex, class II, DQ beta 1"
868,1585,218662_s_at,0.01814708,0.00129,4.65,-0.98138,0.741,NCAPG,non-SMC condensin I complex subunit G
870,1594,213479_at,0.01829519,0.00131,4.64,-0.99676,0.681,NPTX2,neuronal pentraxin 2
871,1596,202733_at,0.01829519,0.00131,4.64,-0.99778,0.604,LOC101927705///P4HA2,uncharacterized LOC101927705///prolyl 4-hydroxylase subunit alpha 2
873,1606,213865_at,0.0184898,0.00133,4.63,-1.01459,0.901,DCBLD2,"discoidin, CUB and LCCL domain containing 2"
875,1617,220974_x_at,0.01883629,0.00137,4.61,-1.04278,0.515,SFXN3,sideroflexin 3
876,1618,222037_at,0.01883629,0.00137,4.61,-1.04322,0.705,MCM4,minichromosome maintenance complex component 4
883,1641,203180_at,0.01911161,0.00141,4.59,-1.07151,0.644,ALDH1A3,aldehyde dehydrogenase 1 family member A3
885,1649,217388_s_at,0.01929119,0.00143,4.58,-1.08632,0.931,KYNU,kynureninase
886,1650,206171_at,0.01935629,0.00143,4.57,-1.09073,0.516,ADORA3,adenosine A3 receptor
888,1658,202075_s_at,0.01958841,0.00146,4.56,-1.10833,0.855,PLTP,phospholipid transfer protein
889,1664,212094_at,0.01972406,0.00147,4.56,-1.11922,0.544,PEG10,paternally expressed 10
892,1675,217785_s_at,0.01981804,0.00149,4.55,-1.1318,0.547,YKT6,YKT6 v-SNARE homolog (S. cerevisiae)
893,1678,203741_s_at,0.01981804,0.00149,4.55,-1.13326,0.569,ADCY7,adenylate cyclase 7
894,1680,202901_x_at,0.01981804,0.0015,4.54,-1.13431,0.507,CTSS,cathepsin S
895,1686,203214_x_at,0.01984343,0.0015,4.54,-1.13883,0.677,CDK1,cyclin dependent kinase 1
899,1709,213010_at,0.02030408,0.00156,4.52,-1.17684,0.577,PRKCDBP,protein kinase C delta binding protein
900,1710,204222_s_at,0.02033467,0.00156,4.51,-1.17933,0.727,GLIPR1,GLI pathogenesis related 1
903,1716,204141_at,0.02043134,0.00157,4.51,-1.1876,0.696,TUBB2A,tubulin beta 2A class IIa
904,1719,203744_at,0.0204502,0.00158,4.51,-1.19038,0.664,HMGB3,high mobility group box 3
906,1726,217497_at,0.0206367,0.0016,4.5,-1.20406,0.543,TYMP,thymidine phosphorylase
907,1730,205936_s_at,0.02077969,0.00161,4.49,-1.21366,0.656,HK3,hexokinase 3
908,1731,209372_x_at,0.02080507,0.00162,4.49,-1.21554,0.655,TUBB2B///TUBB2A,tubulin beta 2B class IIb///tubulin beta 2A class IIa
911,1744,208502_s_at,0.02097971,0.00164,4.48,-1.23203,0.629,PITX1,paired like homeodomain 1
912,1747,205671_s_at,0.02105059,0.00165,4.47,-1.23733,0.507,HLA-DOB,"major histocompatibility complex, class II, DO beta"
913,1749,210732_s_at,0.02109383,0.00166,4.47,-1.24065,0.523,LGALS8,galectin 8
914,1757,205640_at,0.02120831,0.00167,4.47,-1.25104,0.618,ALDH3B1,aldehyde dehydrogenase 3 family member B1
915,1759,201755_at,0.02123634,0.00168,4.46,-1.2536,0.547,MCM5,minichromosome maintenance complex component 5
916,1761,201920_at,0.02124869,0.00168,4.46,-1.25539,0.751,SLC20A1,solute carrier family 20 member 1
917,1763,217297_s_at,0.0212826,0.00168,4.46,-1.25823,0.622,MYO9B,myosin IXB
919,1774,204385_at,0.02139792,0.0017,4.45,-1.27054,0.518,KYNU,kynureninase
924,1785,204446_s_at,0.0215687,0.00173,4.44,-1.28592,0.826,ALOX5,arachidonate 5-lipoxygenase
925,1786,204006_s_at,0.0215687,0.00173,4.44,-1.28646,0.662,FCGR3B///FCGR3A,Fc fragment of IgG receptor IIIb///Fc fragment of IgG receptor IIIa
926,1788,204829_s_at,0.0215687,0.00173,4.44,-1.28732,0.533,FOLR2,folate receptor beta
928,1793,220658_s_at,0.02167569,0.00175,4.44,-1.29557,0.529,ARNTL2,aryl hydrocarbon receptor nuclear translocator like 2
929,1795,201389_at,0.02167569,0.00175,4.43,-1.296,0.645,ITGA5,integrin subunit alpha 5
930,1799,205449_at,0.02175658,0.00176,4.43,-1.30219,0.715,SAC3D1,SAC3 domain containing 1
932,1809,202779_s_at,0.02192322,0.00178,4.42,-1.31634,0.718,UBE2S,ubiquitin conjugating enzyme E2 S
934,1824,203490_at,0.02222741,0.00182,4.41,-1.33929,0.739,ELF4,E74 like ETS transcription factor 4
935,1826,203819_s_at,0.02224673,0.00182,4.4,-1.34106,0.706,IGF2BP3,insulin like growth factor 2 mRNA binding protein 3
936,1829,206247_at,0.02231968,0.00183,4.4,-1.34651,0.555,MICB,MHC class I polypeptide-related sequence B
937,1847,213007_at,0.02263862,0.00188,4.38,-1.37094,0.59,FANCI,Fanconi anemia complementation group I
939,1855,221538_s_at,0.02272028,0.00189,4.38,-1.37946,0.65,PLXNA1,plexin A1
941,1859,214329_x_at,0.02274756,0.0019,4.38,-1.38302,0.587,TNFSF10,tumor necrosis factor superfamily member 10
945,1888,203083_at,0.02318806,0.00197,4.35,-1.41873,0.674,THBS2,thrombospondin 2
946,1891,206631_at,0.02325006,0.00198,4.35,-1.42413,0.6,PTGER2,prostaglandin E receptor 2
947,1894,209310_s_at,0.02325006,0.00198,4.35,-1.4248,0.501,CASP4,caspase 4
948,1897,207677_s_at,0.02328194,0.00198,4.35,-1.42788,0.582,NCF4,neutrophil cytosolic factor 4
949,1900,207238_s_at,0.02335988,0.00199,4.34,-1.433,0.594,PTPRC,"protein tyrosine phosphatase, receptor type C"
951,1910,205579_at,0.02357465,0.00202,4.33,-1.44797,0.59,HRH1,histamine receptor H1
953,1915,201859_at,0.02374051,0.00204,4.33,-1.45798,0.552,SRGN,serglycin
955,1923,205681_at,0.02386382,0.00206,4.32,-1.46771,0.537,BCL2A1,BCL2 related protein A1
959,1951,219519_s_at,0.02423053,0.00212,4.3,-1.49859,0.525,SIGLEC1,sialic acid binding Ig like lectin 1
960,1957,202206_at,0.02434706,0.00214,4.29,-1.50677,0.678,ARL4C,ADP ribosylation factor like GTPase 4C
967,1984,203820_s_at,0.02462842,0.00219,4.28,-1.53337,0.676,IGF2BP3,insulin like growth factor 2 mRNA binding protein 3
968,1989,213716_s_at,0.02467375,0.0022,4.27,-1.53749,0.818,SECTM1,secreted and transmembrane 1
969,1995,200999_s_at,0.02487874,0.00223,4.26,-1.54922,0.527,CKAP4,cytoskeleton associated protein 4
970,1997,212588_at,0.0248992,0.00223,4.26,-1.55111,0.512,PTPRC,"protein tyrosine phosphatase, receptor type C"
974,2011,214054_at,0.02500577,0.00226,4.26,-1.5632,0.512,DOK2,docking protein 2
975,2016,219257_s_at,0.02513663,0.00228,4.25,-1.57082,0.644,SPHK1,sphingosine kinase 1
977,2021,209013_x_at,0.0251917,0.00229,4.25,-1.57578,0.783,TRIO,trio Rho guanine nucleotide exchange factor
978,2025,204493_at,0.02532321,0.0023,4.24,-1.58317,0.591,BID,BH3 interacting domain death agonist
979,2029,213524_s_at,0.02552154,0.00233,4.24,-1.59381,0.639,G0S2,G0/G1 switch 2
982,2034,205909_at,0.02557447,0.00234,4.23,-1.598,0.573,POLE2,"DNA polymerase epsilon 2, accessory subunit"
983,2037,211056_s_at,0.02557685,0.00234,4.23,-1.59963,0.501,SRD5A1,steroid 5 alpha-reductase 1
984,2043,200887_s_at,0.02572453,0.00236,4.23,-1.60866,0.511,STAT1,signal transducer and activator of transcription 1
985,2061,217362_x_at,0.02610667,0.00242,4.21,-1.63335,0.508,HLA-DRB6,"major histocompatibility complex, class II, DR beta 6 (pseudogene)"
986,2062,204221_x_at,0.02610667,0.00242,4.21,-1.63373,0.592,GLIPR1,GLI pathogenesis related 1
987,2070,211833_s_at,0.02622155,0.00244,4.2,-1.64218,0.516,BAX,"BCL2 associated X, apoptosis regulator"
988,2081,214266_s_at,0.02633346,0.00246,4.2,-1.65247,0.698,PDLIM7,PDZ and LIM domain 7
989,2085,218726_at,0.02638927,0.00247,4.19,-1.65713,0.578,HJURP,Holliday junction recognition protein
990,2093,209156_s_at,0.02656452,0.0025,4.19,-1.66716,0.902,COL6A2,collagen type VI alpha 2 chain
991,2095,221581_s_at,0.02667663,0.00251,4.18,-1.67252,0.611,LAT2,linker for activation of T-cells family member 2
996,2127,205099_s_at,0.02715914,0.00259,4.16,-1.70688,0.706,CCR1,C-C motif chemokine receptor 1
997,2128,201195_s_at,0.02716291,0.0026,4.16,-1.70751,1.08,SLC7A5,solute carrier family 7 member 5
998,2135,219555_s_at,0.02723132,0.00261,4.16,-1.71356,1.05,CENPN,centromere protein N
1002,2161,201422_at,0.02751544,0.00267,4.14,-1.73687,0.609,IFI30///PIK3R2,"IFI30, lysosomal thiol reductase///phosphoinositide-3-kinase regulatory subunit 2"
1003,2164,204150_at,0.02755245,0.00268,4.14,-1.74016,0.584,STAB1,stabilin 1
1004,2168,204858_s_at,0.02765914,0.00269,4.13,-1.74564,0.696,TYMP,thymidine phosphorylase
1005,2190,212587_s_at,0.02825468,0.00278,4.11,-1.77823,0.6,PTPRC,"protein tyrosine phosphatase, receptor type C"
1006,2193,214022_s_at,0.02825468,0.00278,4.11,-1.77983,0.569,IFITM1,interferon induced transmembrane protein 1
1008,2198,203236_s_at,0.02828219,0.00279,4.11,-1.78302,0.613,LGALS9,galectin 9
1009,2202,211367_s_at,0.02852914,0.00282,4.1,-1.79393,0.57,CASP1,caspase 1
1010,2208,201042_at,0.02861311,0.00284,4.1,-1.7998,0.619,TGM2,transglutaminase 2
1011,2210,213975_s_at,0.02873585,0.00285,4.1,-1.80532,0.58,LYZ,lysozyme
1013,2231,214453_s_at,0.0292679,0.00293,4.08,-1.83403,0.501,IFI44,interferon induced protein 44
1015,2251,216233_at,0.03007538,0.00304,4.05,-1.87152,0.548,CD163,CD163 molecule
1018,2277,203167_at,0.03052862,0.00312,4.03,-1.89894,0.884,TIMP2,TIMP metallopeptidase inhibitor 2
1019,2278,213943_at,0.03054114,0.00312,4.03,-1.89982,0.7,TWIST1,twist family bHLH transcription factor 1
1022,2290,202638_s_at,0.03074207,0.00316,4.03,-1.91206,0.57,ICAM1,intercellular adhesion molecule 1
1023,2293,208962_s_at,0.03086696,0.00318,4.02,-1.91762,0.508,MIR1908///FADS1,microRNA 1908///fatty acid desaturase 1
1025,2298,220532_s_at,0.03098894,0.0032,4.02,-1.92397,0.54,TMEM176B,transmembrane protein 176B
1028,2347,203828_s_at,0.03195695,0.00337,3.98,-1.97853,0.716,IL32,interleukin 32
1029,2348,209365_s_at,0.03195695,0.00337,3.98,-1.97902,0.648,ECM1,extracellular matrix protein 1
1030,2349,218309_at,0.03195695,0.00337,3.98,-1.97916,0.671,CAMK2N1,calcium/calmodulin dependent protein kinase II inhibitor 1
1031,2359,203381_s_at,0.03212368,0.0034,3.98,-1.98839,0.787,APOE,apolipoprotein E
1032,2360,202627_s_at,0.03216623,0.00341,3.98,-1.9902,1.0,SERPINE1,serpin family E member 1
1033,2366,206765_at,0.0323135,0.00343,3.97,-1.99756,0.706,KCNJ2,potassium voltage-gated channel subfamily J member 2
1034,2369,214702_at,0.03235018,0.00344,3.97,-2.00005,0.842,FN1,fibronectin 1
1038,2389,213423_x_at,0.03253388,0.00349,3.96,-2.01462,0.86,TUSC3,tumor suppressor candidate 3
1041,2405,205534_at,0.03304342,0.00357,3.94,-2.03763,0.676,PCDH7,protocadherin 7
1043,2410,220651_s_at,0.0330944,0.00358,3.94,-2.04138,0.511,MCM10,minichromosome maintenance 10 replication initiation factor
1044,2412,209270_at,0.03314747,0.00359,3.94,-2.0439,0.822,LAMB3,laminin subunit beta 3
1047,2424,212992_at,0.03335739,0.00363,3.93,-2.05557,0.803,AHNAK2,AHNAK nucleoprotein 2
1048,2430,204401_at,0.03348569,0.00365,3.93,-2.06211,0.959,KCNN4,potassium calcium-activated channel subfamily N member 4
1053,2451,212235_at,0.03392221,0.00373,3.91,-2.08443,0.81,PLXND1,plexin D1
1054,2463,201469_s_at,0.03417319,0.00378,3.91,-2.09719,0.504,SHC1,SHC adaptor protein 1
1055,2469,203560_at,0.03425281,0.0038,3.9,-2.10278,0.686,GGH,gamma-glutamyl hydrolase
1057,2498,209653_at,0.03517199,0.00394,3.88,-2.14152,0.575,KPNA4,karyopherin subunit alpha 4
1058,2499,204017_at,0.0351979,0.00395,3.88,-2.1427,0.677,KDELR3,KDEL endoplasmic reticulum protein retention receptor 3
1060,2504,204709_s_at,0.03528465,0.00397,3.87,-2.14732,0.538,KIF23,kinesin family member 23
1063,2516,218384_at,0.03560081,0.00402,3.86,-2.16149,0.53,CARHSP1,calcium regulated heat stable protein 1
1064,2522,207111_at,0.03565732,0.00404,3.86,-2.16559,0.614,ADGRE1,adhesion G protein-coupled receptor E1
1072,2547,203047_at,0.03606434,0.00413,3.85,-2.18798,0.531,STK10,serine/threonine kinase 10
1074,2564,203305_at,0.03660612,0.00421,3.83,-2.21004,0.633,F13A1,coagulation factor XIII A chain
1075,2566,221521_s_at,0.03660612,0.00422,3.83,-2.21064,0.532,GINS2,GINS complex subunit 2
1077,2580,204994_at,0.03695848,0.00428,3.82,-2.22653,0.509,MX2,MX dynamin like GTPase 2
1078,2585,219574_at,0.03700156,0.0043,3.82,-2.23014,0.504,MARCH1,membrane associated ring-CH-type finger 1
1084,2628,204972_at,0.03765268,0.00444,3.8,-2.26445,0.659,OAS2,2'-5'-oligoadenylate synthetase 2
1085,2631,204766_s_at,0.03780793,0.00447,3.79,-2.2701,0.668,NUDT1,nudix hydrolase 1
1086,2669,202833_s_at,0.03891429,0.00466,3.77,-2.31488,0.963,SERPINA1,serpin family A member 1
1088,2678,214121_x_at,0.03908944,0.0047,3.76,-2.3226,0.739,PDLIM7,PDZ and LIM domain 7
1091,2700,202497_x_at,0.03950737,0.00479,3.75,-2.34203,0.925,SLC2A3,solute carrier family 2 member 3
1096,2745,218627_at,0.04068771,0.00501,3.72,-2.38948,0.562,DRAM1,DNA damage regulated autophagy modulator 1
1097,2760,209877_at,0.04124778,0.00511,3.71,-2.40948,0.77,SNCG,synuclein gamma
1098,2761,222062_at,0.04124778,0.00511,3.71,-2.40958,0.506,IL27RA,interleukin 27 receptor subunit alpha
1100,2772,202613_at,0.04166007,0.00518,3.7,-2.42394,0.501,CTPS1,CTP synthase 1
1102,2785,217818_s_at,0.04194019,0.00524,3.69,-2.43568,0.619,ARPC4,actin related protein 2/3 complex subunit 4
1104,2789,211303_x_at,0.04206356,0.00527,3.69,-2.44033,0.527,FOLH1B,folate hydrolase 1B
1105,2792,61734_at,0.04212451,0.00528,3.68,-2.44279,0.741,RCN3,reticulocalbin 3
1106,2798,203369_x_at,0.04231255,0.00532,3.68,-2.44998,0.515,PDLIM7,PDZ and LIM domain 7
1107,2799,214452_at,0.04231255,0.00532,3.68,-2.4501,0.662,BCAT1,branched chain amino acid transaminase 1
1114,2838,201110_s_at,0.04326841,0.00551,3.66,-2.48726,0.621,THBS1,thrombospondin 1
1115,2851,214085_x_at,0.04361806,0.00558,3.65,-2.50027,0.555,GLIPR1,GLI pathogenesis related 1
1116,2854,219385_at,0.04369943,0.0056,3.65,-2.50327,0.686,SLAMF8,SLAM family member 8
1117,2859,211429_s_at,0.04371341,0.00561,3.64,-2.5054,0.785,SERPINA1,serpin family A member 1
1118,2861,204638_at,0.04374675,0.00562,3.64,-2.50691,0.653,ACP5,"acid phosphatase 5, tartrate resistant"
1121,2894,219102_at,0.04442191,0.00577,3.63,-2.53452,0.626,RCN3,reticulocalbin 3
1124,2912,213599_at,0.04493046,0.00587,3.61,-2.55261,0.516,OIP5,Opa interacting protein 5
1125,2918,201261_x_at,0.0450403,0.00591,3.61,-2.55857,0.592,BGN,biglycan
1128,2961,209825_s_at,0.0465609,0.00619,3.58,-2.60691,0.642,MIR3658///UCK2,microRNA 3658///uridine-cytidine kinase 2
1129,2978,202693_s_at,0.04712439,0.0063,3.57,-2.62476,0.594,STK17A,serine/threonine kinase 17a
1130,2996,214596_at,0.04739308,0.00637,3.56,-2.63681,0.526,CHRM3,cholinergic receptor muscarinic 3
1131,3018,212396_s_at,0.04775905,0.00647,3.55,-2.65224,0.775,EMC1,ER membrane protein complex subunit 1
1132,3019,212624_s_at,0.04781724,0.00648,3.55,-2.65384,0.668,CHN1,chimerin 1
1133,3023,210115_at,0.0480184,0.00652,3.55,-2.65952,0.752,RPL39L,ribosomal protein L39 like
1136,3052,204328_at,0.04851462,0.00665,3.53,-2.6799,0.626,TMC6,transmembrane channel like 6
1137,3067,219279_at,0.04931245,0.00679,3.52,-2.70176,0.725,DOCK10,dedicator of cytokinesis 10
1138,3072,204298_s_at,0.04948873,0.00683,3.52,-2.70738,0.575,LOX,lysyl oxidase
1139,3081,204344_s_at,0.04973351,0.00688,3.51,-2.71513,0.581,SEC23A,"Sec23 homolog A, coat complex II component"
1141,3097,205891_at,0.04994844,0.00694,3.51,-2.72488,0.565,ADORA2B,adenosine A2b receptor
1143,3124,220014_at,0.05057926,0.00709,3.49,-2.74691,0.514,PRR16,proline rich 16
1144,3136,222020_s_at,0.05102018,0.00718,3.48,-2.75984,0.573,LOC102725271///NTM,neurotrimin-like///neurotrimin
1145,3137,203535_at,0.05102018,0.00718,3.48,-2.75987,0.924,S100A9,S100 calcium binding protein A9
1146,3150,204136_at,0.05150469,0.00728,3.48,-2.77382,1.1,COL7A1,collagen type VII alpha 1 chain
1148,3166,219000_s_at,0.05183624,0.00737,3.47,-2.78561,0.503,DSCC1,DNA replication and sister chromatid cohesion 1
1149,3175,219522_at,0.05205552,0.00742,3.46,-2.79286,0.58,FJX1,four jointed box 1
1153,3219,213324_at,0.05326455,0.0077,3.44,-2.83054,0.528,SRC,"SRC proto-oncogene, non-receptor tyrosine kinase"
1154,3227,211795_s_at,0.05355308,0.00776,3.43,-2.83914,0.505,FYB,FYN binding protein
1156,3246,203148_s_at,0.05407907,0.00788,3.42,-2.85513,0.64,TRIM14,tripartite motif containing 14
1157,3255,200755_s_at,0.05424076,0.00793,3.42,-2.86104,0.614,CALU,calumenin
1159,3257,204416_x_at,0.05424076,0.00793,3.42,-2.8617,0.935,APOC1,apolipoprotein C1
1161,3270,218894_s_at,0.05453116,0.008,3.41,-2.87076,0.615,MAGOHB,"mago homolog B, exon junction complex core component"
1163,3287,203797_at,0.05476692,0.00808,3.41,-2.8805,0.595,VSNL1,visinin like 1
1164,3288,205943_at,0.05488401,0.0081,3.41,-2.883,0.674,TDO2,"tryptophan 2,3-dioxygenase"
1167,3322,213338_at,0.05592675,0.00834,3.39,-2.91283,1.1,TMEM158,transmembrane protein 158 (gene/pseudogene)
1169,3332,220615_s_at,0.05618517,0.0084,3.38,-2.92063,0.558,FAR2,fatty acyl-CoA reductase 2
1170,3351,202458_at,0.05642461,0.00849,3.38,-2.93106,0.603,PRSS23,"protease, serine 23"
1172,3391,213553_x_at,0.05721803,0.00871,3.36,-2.95726,0.543,APOC1,apolipoprotein C1
1175,3425,202528_at,0.05796857,0.00891,3.35,-2.98081,0.592,GALE,UDP-galactose-4-epimerase
1177,3455,213848_at,0.05895744,0.00914,3.33,-3.00704,0.507,DUSP7,dual specificity phosphatase 7
1178,3456,205403_at,0.05899148,0.00915,3.33,-3.00792,0.713,IL1R2,interleukin 1 receptor type 2
1180,3466,202200_s_at,0.0593924,0.00924,3.32,-3.0178,0.529,SRPK1,SRSF protein kinase 1
1182,3481,221591_s_at,0.05987,0.00936,3.31,-3.03041,0.6,FAM64A,family with sequence similarity 64 member A
1183,3483,205860_x_at,0.06021465,0.00941,3.31,-3.03687,0.724,FOLH1B///FOLH1,folate hydrolase 1B///folate hydrolase (prostate-specific membrane antigen) 1
1185,3505,214701_s_at,0.06078579,0.00956,3.3,-3.05295,1.0,FN1,fibronectin 1
1186,3513,221029_s_at,0.06086213,0.0096,3.3,-3.05657,0.798,WNT5B,Wnt family member 5B
1187,3517,203798_s_at,0.06109257,0.00965,3.3,-3.06159,0.663,VSNL1,visinin like 1
1188,3520,220057_at,0.0611252,0.00966,3.29,-3.06301,1.23,XAGE1B///XAGE1E,X antigen family member 1B///X antigen family member 1E
1189,3535,221666_s_at,0.0612409,0.00972,3.29,-3.06929,0.649,PYCARD,PYD and CARD domain containing
1190,3544,209228_x_at,0.06158106,0.0098,3.29,-3.07754,0.683,TUSC3,tumor suppressor candidate 3
1192,3561,202628_s_at,0.06187621,0.00989,3.28,-3.08732,0.993,SERPINE1,serpin family E member 1
1194,3629,216841_s_at,0.06449203,0.0105,3.24,-3.1489,0.549,LOC100129518///SOD2,"uncharacterized LOC100129518///superoxide dismutase 2, mitochondrial"
1196,3645,219985_at,0.0650259,0.0106,3.23,-3.16179,0.709,HS3ST3A1,heparan sulfate-glucosamine 3-sulfotransferase 3A1
1197,3648,203434_s_at,0.06520548,0.0107,3.23,-3.16563,0.929,MME,membrane metallo-endopeptidase
1198,3649,201785_at,0.06520548,0.0107,3.23,-3.16573,0.519,RNASE1,"ribonuclease A family member 1, pancreatic"
1200,3661,203878_s_at,0.06601331,0.0108,3.22,-3.18167,0.712,MMP11,matrix metallopeptidase 11
1202,3681,214511_x_at,0.0664545,0.011,3.21,-3.1942,0.612,FCGR1B,Fc fragment of IgG receptor Ib
1203,3684,209040_s_at,0.0665642,0.011,3.21,-3.19649,0.523,PSMB8,proteasome subunit beta 8
1205,3688,216971_s_at,0.06671889,0.011,3.21,-3.20011,0.511,PLEC,plectin
1206,3695,219815_at,0.06694299,0.0111,3.21,-3.20531,0.503,GAL3ST4,galactose-3-O-sulfotransferase 4
1208,3730,214095_at,0.06865846,0.0115,3.18,-3.2407,0.525,SHMT2,serine hydroxymethyltransferase 2
1209,3747,202859_x_at,0.06921665,0.0116,3.18,-3.25357,0.616,CXCL8,C-X-C motif chemokine ligand 8
1210,3748,206858_s_at,0.06923255,0.0116,3.18,-3.25418,0.622,HOXC6,homeobox C6
1211,3752,209969_s_at,0.06928841,0.0117,3.17,-3.25599,0.853,STAT1,signal transducer and activator of transcription 1
1214,3782,213428_s_at,0.07021994,0.0119,3.16,-3.27769,0.636,COL6A1,collagen type VI alpha 1 chain
1218,3822,205483_s_at,0.07140439,0.0123,3.14,-3.30541,0.79,ISG15,ISG15 ubiquitin-like modifier
1219,3823,214974_x_at,0.07151052,0.0123,3.14,-3.30731,0.814,CXCL5,C-X-C motif chemokine ligand 5
1220,3837,212009_s_at,0.07179,0.0124,3.14,-3.31487,0.502,STIP1,stress induced phosphoprotein 1
1221,3840,211013_x_at,0.07181938,0.0124,3.14,-3.31608,0.518,PML,promyelocytic leukemia
1222,3851,219593_at,0.07218928,0.0125,3.13,-3.32421,0.815,SLC15A3,solute carrier family 15 member 3
1223,3852,202219_at,0.0722054,0.0125,3.13,-3.32471,0.508,SLC6A8,solute carrier family 6 member 8
1225,3864,218223_s_at,0.07281759,0.0126,3.12,-3.33645,0.566,PLEKHO1,pleckstrin homology domain containing O1
1227,3884,204014_at,0.07334613,0.0128,3.12,-3.34905,0.584,DUSP4,dual specificity phosphatase 4
1229,3911,212092_at,0.07380449,0.013,3.11,-3.36266,0.535,PEG10,paternally expressed 10
1230,3954,216236_s_at,0.07496559,0.0133,3.09,-3.38938,0.592,SLC2A14///SLC2A3,solute carrier family 2 member 14///solute carrier family 2 member 3
1231,3955,207173_x_at,0.07500527,0.0133,3.09,-3.39023,0.744,CDH11,cadherin 11
1233,3972,219434_at,0.07556066,0.0135,3.08,-3.40201,0.884,TREM1,triggering receptor expressed on myeloid cells 1
1236,4012,206632_s_at,0.07718881,0.0139,3.06,-3.43381,0.563,APOBEC3B,apolipoprotein B mRNA editing enzyme catalytic subunit 3B
1238,4038,219759_at,0.07789766,0.0141,3.05,-3.44963,0.752,ERAP2,endoplasmic reticulum aminopeptidase 2
1239,4066,212529_at,0.07895794,0.0144,3.04,-3.47089,0.589,LSM12,LSM12 homolog
1242,4088,215223_s_at,0.07936843,0.0146,3.04,-3.48107,0.564,LOC100129518///SOD2,"uncharacterized LOC100129518///superoxide dismutase 2, mitochondrial"
1243,4089,213139_at,0.07945316,0.0146,3.03,-3.4824,0.741,SNAI2,snail family transcriptional repressor 2
1244,4093,40472_at,0.07968545,0.0146,3.03,-3.48664,0.543,LPCAT4,lysophosphatidylcholine acyltransferase 4
1247,4148,203570_at,0.08161766,0.0152,3.01,-3.52436,0.728,LOXL1,lysyl oxidase like 1
1249,4161,204268_at,0.0822309,0.0154,3.0,-3.53487,0.912,S100A2,S100 calcium binding protein A2
1251,4190,209395_at,0.08306468,0.0156,2.99,-3.5521,1.48,CHI3L1,chitinase 3 like 1
1252,4191,202307_s_at,0.08306558,0.0156,2.99,-3.55235,0.679,TAP1,"transporter 1, ATP binding cassette subfamily B member"
1254,4208,205433_at,0.08442519,0.0159,2.98,-3.57287,0.723,BCHE,butyrylcholinesterase
1255,4225,204420_at,0.08532768,0.0162,2.97,-3.58769,0.547,FOSL1,"FOS like 1, AP-1 transcription factor subunit"
1257,4279,212143_s_at,0.08709425,0.0167,2.95,-3.62124,0.529,IGFBP3,insulin like growth factor binding protein 3
1259,4322,207172_s_at,0.08809828,0.0171,2.94,-3.64301,0.821,CDH11,cadherin 11
1262,4349,204159_at,0.08825725,0.0172,2.93,-3.65099,0.56,CDKN2C,cyclin dependent kinase inhibitor 2C
1265,4390,210095_s_at,0.08965026,0.0177,2.91,-3.67625,0.54,IGFBP3,insulin like growth factor binding protein 3
1266,4392,203789_s_at,0.08968158,0.0177,2.91,-3.67706,0.571,SEMA3C,semaphorin 3C
1269,4417,217312_s_at,0.09070399,0.018,2.9,-3.69424,0.55,COL7A1,collagen type VII alpha 1 chain
1271,4432,219403_s_at,0.09134714,0.0182,2.9,-3.70475,0.524,HPSE,heparanase
1272,4463,202411_at,0.09223826,0.0185,2.89,-3.7218,0.779,IFI27,interferon alpha inducible protein 27
1273,4466,217028_at,0.0922591,0.0185,2.89,-3.72256,0.513,CXCR4,C-X-C motif chemokine receptor 4
1274,4504,203354_s_at,0.09374368,0.019,2.87,-3.74706,0.856,PSD3,pleckstrin and Sec7 domain containing 3
1276,4529,212531_at,0.0947293,0.0193,2.86,-3.76316,0.699,LCN2,lipocalin 2
1278,4577,203417_at,0.0962823,0.0198,2.84,-3.79011,0.854,MFAP2,microfibrillar associated protein 2
1279,4588,210511_s_at,0.09687856,0.02,2.84,-3.79873,0.681,INHBA,inhibin beta A subunit
1280,4591,204734_at,0.0969808,0.02,2.84,-3.8005,0.926,KRT15,keratin 15
1285,4685,214845_s_at,0.10066657,0.0212,2.8,-3.85826,0.639,CALU,calumenin
1286,4693,205569_at,0.10067752,0.0212,2.8,-3.86008,0.518,LAMP3,lysosomal associated membrane protein 3
1287,4694,206715_at,0.10071699,0.0212,2.8,-3.86068,0.526,TFEC,transcription factor EC
1288,4699,200756_x_at,0.10081333,0.0213,2.8,-3.86294,0.594,CALU,calumenin
1291,4738,204279_at,0.101663,0.0216,2.79,-3.87942,0.617,PSMB9,proteasome subunit beta 9
1292,4739,211071_s_at,0.101663,0.0216,2.79,-3.87963,0.593,MLLT11,"myeloid/lymphoid or mixed-lineage leukemia; translocated to, 11"
1293,4747,205624_at,0.10184466,0.0217,2.79,-3.88311,0.747,CPA3,carboxypeptidase A3
1296,4829,202273_at,0.1043245,0.0226,2.76,-3.92473,0.584,PDGFRB,platelet derived growth factor receptor beta
1298,4883,215363_x_at,0.10689008,0.0234,2.74,-3.95982,0.533,FOLH1B///FOLH1,folate hydrolase 1B///folate hydrolase (prostate-specific membrane antigen) 1
1300,4931,33322_i_at,0.10870574,0.0241,2.72,-3.98644,0.747,SFN,stratifin
1305,5010,213112_s_at,0.11203937,0.0252,2.69,-4.03248,0.525,SQSTM1,sequestosome 1
1307,5025,220104_at,0.11264969,0.0254,2.69,-4.04088,0.518,ZC3HAV1,"zinc finger CCCH-type containing, antiviral 1"
1309,5041,209921_at,0.11318576,0.0256,2.68,-4.04897,0.547,SLC7A11,solute carrier family 7 member 11
1310,5054,37892_at,0.11363192,0.0258,2.68,-4.05528,0.794,COL11A1,collagen type XI alpha 1 chain
1313,5108,207375_s_at,0.11637235,0.0267,2.66,-4.08962,0.538,IL15RA,interleukin 15 receptor subunit alpha
1316,5131,221710_x_at,0.11759049,0.0271,2.65,-4.10446,0.554,EVA1B,eva-1 homolog B
1317,5197,52255_s_at,0.1204046,0.0281,2.63,-4.14088,0.505,COL5A3,collagen type V alpha 3 chain
1318,5199,202729_s_at,0.1204046,0.0281,2.63,-4.14109,0.771,LTBP1,latent transforming growth factor beta binding protein 1
1319,5228,204560_at,0.12138703,0.0285,2.62,-4.15469,0.704,FKBP5,FK506 binding protein 5
1320,5235,203186_s_at,0.12183891,0.0286,2.62,-4.15971,0.61,S100A4,S100 calcium binding protein A4
1321,5256,206666_at,0.12341857,0.0291,2.61,-4.17649,0.556,GZMK,granzyme K
1322,5270,206796_at,0.12380546,0.0293,2.6,-4.18223,0.507,WISP1,WNT1 inducible signaling pathway protein 1
1323,5272,218717_s_at,0.12383373,0.0293,2.6,-4.18286,0.54,P3H2,prolyl 3-hydroxylase 2
1324,5311,217039_x_at,0.12523433,0.0299,2.59,-4.20131,0.502,ELK2AP,"ELK2A, member of ETS oncogene family, pseudogene"
1327,5322,33323_r_at,0.12556171,0.03,2.59,-4.20595,0.823,SFN,stratifin
1329,5327,204726_at,0.12577384,0.0301,2.59,-4.20856,0.624,CDH13,cadherin 13
1332,5376,206503_x_at,0.12785692,0.0309,2.57,-4.23392,0.582,PML,promyelocytic leukemia
1335,5446,204163_at,0.1299731,0.0318,2.55,-4.26299,0.775,EMILIN1,elastin microfibril interfacer 1
1336,5455,218975_at,0.13058646,0.032,2.55,-4.26928,0.639,COL5A3,collagen type V alpha 3 chain
1337,5464,204439_at,0.13145634,0.0322,2.54,-4.27748,0.524,IFI44L,interferon induced protein 44 like
1338,5482,213201_s_at,0.13222067,0.0325,2.54,-4.28647,0.524,TNNT1,"troponin T1, slow skeletal type"
1339,5518,209396_s_at,0.13455319,0.0333,2.52,-4.31022,1.02,CHI3L1,chitinase 3 like 1
1340,5523,202917_s_at,0.13491311,0.0334,2.52,-4.31375,0.582,S100A8,S100 calcium binding protein A8
1344,5622,210084_x_at,0.1389302,0.0351,2.49,-4.36024,0.75,TPSAB1,tryptase alpha/beta 1
1347,5672,200628_s_at,0.14118046,0.0359,2.48,-4.3848,0.542,WARS,tryptophanyl-tRNA synthetase
1350,5699,202465_at,0.14210009,0.0364,2.47,-4.39636,0.62,PCOLCE,procollagen C-endopeptidase enhancer
1351,5782,212671_s_at,0.14503932,0.0376,2.45,-4.43023,0.63,LOC100509457///HLA-DQA2///HLA-DQA1,"HLA class II histocompatibility antigen, DQ alpha 1 chain-like///major histocompatibility complex, class II, DQ alpha 2///major histocompatibility complex, class II, DQ alpha 1"
1352,5796,206023_at,0.14556591,0.0379,2.44,-4.43617,0.533,NMU,neuromedin U
1354,5857,203936_s_at,0.14811322,0.0389,2.43,-4.46349,0.688,MMP9,matrix metallopeptidase 9
1355,5879,209260_at,0.14893927,0.0393,2.42,-4.47263,1.03,SFN,stratifin
1356,5882,202869_at,0.14904107,0.0393,2.42,-4.4738,0.623,OAS1,2'-5'-oligoadenylate synthetase 1
1359,5923,213125_at,0.15120727,0.0402,2.41,-4.4949,0.631,OLFML2B,olfactomedin like 2B
1362,6039,202437_s_at,0.15554657,0.0422,2.38,-4.54151,0.55,CYP1B1,cytochrome P450 family 1 subfamily B member 1
1363,6060,202728_s_at,0.15599561,0.0424,2.37,-4.54793,0.628,LTBP1,latent transforming growth factor beta binding protein 1
1366,6182,205683_x_at,0.16182543,0.0449,2.34,-4.60296,0.537,TPSAB1,tryptase alpha/beta 1
1368,6287,208161_s_at,0.16576075,0.0468,2.31,-4.64285,0.566,ABCC3,ATP binding cassette subfamily C member 3
1369,6295,205239_at,0.16589418,0.0469,2.31,-4.6448,0.531,AREG,amphiregulin
1373,6430,215382_x_at,0.1716985,0.0496,2.28,-4.69893,0.518,TPSAB1,tryptase alpha/beta 1
